	np_adv	np_simple	uni_adv	uni_simple
F1	0.807420081484	0.791060182933	0.812147027804	0.802644407169
FDR__alpha	0.1	0.3	0.3	0.3
