	np_adv	np_simple	uni_adv	uni_simple
F1	0.80839194178	0.786670397484	0.818981719982	0.811224715783
FDR__alpha	0.1	0.1	0.3	0.1
svc__C	3.798	3.798	3.798	11.0
